word,index
the,0
of,1
my,2
on,3
at,4
nö,5
@,6
first,7
artificial,8
intelligence,9
a,10
chance,11
to,12
win,13
video,14
editing,15
don’t,16
mind,17
if,18
i,19
do,20
thanks,21
and,22
office,23
allnighter,24
strand,25
st,26
peterording,27
hat,28
gerade,29
ein,30
foto,31
ich,32
habe,33
spontan,34
noch,35
für,36
eine,37
morgen,38
abend,39
in,40
der,41
hamburger,42
city,43
im,44
von,45
hamburg,46
ohne,47
zu,48
und,49
essen,50
new,51
form,52
carbon,53
that,54
is,55
than,56
diamond,57
but,58
as,59
true,60
successful,61
companies,62
an,63
part,64
their,65
user,66
ab,67
bei,68
uns,69
events,70
iphone,71
comes,72
w,73
free,74
weekend,75
nyc,76
jeden,77
—,78
mit,79
den,80
town,81
beach,82
brooklyn,83
bridge,84
airport,85
computer,86
was,87
which,88
startups,89
would,90
be,91
were,92
brands,93
dont,94
always,95
day,96
11,97
#bullifamilytrip,98
#croatia,99
2,100
kind,101
totally,102
best,103
app,104
for,105
work,106
door,107
guest,108
check,109
ticket,110
time,111
well,112
youpooly,113
german,114
school,115
never,116
had,117
been,118
so,119
much,120
fun,121
there,122
or,123
jemand,124
einen,125
tipp,126
heute,127
nic,128
haben,129
etwas,130
@brunobyington,131
@youpooly,132
geht,133
dir,134
am,135
getting,136
email,137
gt,138
this,139
no,140
…,141
what,142
from,143
#youpooly,144
design,145
team,146
working,147
like,148
you,149
see,150
#design,151
#hamburg,152
some,153
great,154
screens,155
@kos,156
@applesupport,157
want,158
magic,159
mouse,160
not,161
with,162
pro,163
why,164
cable,165
instead,166
hey,167
how,168
can,169
it,170
we,171
bought,172
3,173
#readthis,174
#guteleutemagazine,175
germany,176
dabei,177
helfen,178
dass,179
trump,180
die,181
lets,182
invest,183
company,184
art,185
reading,186
–,187
does,188
know,189
read,190
better,191
perfect,192
world,193
who,194
16,195
download,196
full,197
fix,198
apple,199
already,200
show,201
trial,202
they,203
he,204
grow,205
more,206
his,207
him,208
visit,209
google,210
developer,211
conference,212
sure,213
these,214
5,215
date,216
place,217
page,218
animation,219
make,220
users,221
screen,222
ui,223
ux,224
gesucht,225
twitter,226
wir,227
zwei,228
diese,229
woche,230
bis,231
sonntag,232
18,233
du,234
zur,235
meet,236
ben,237
party,238
#bucketfunding,239
family,240
creates,241
solar,242
electric,243
volkswagen,244
van,245
find,246
out,247
wine,248
beer,249
need,250
us,251
introduce,252
are,253
years,254
help,255
surprise,256
start,257
event,258
ideas,259
morning,260
hours,261
#sparkevents,262
#hostbusters,263
tell,264
your,265
idea,266
happen,267
just,268
parties,269
budget,270
ways,271
pooling,272
money,273
improves,274
social,275
bucket,276
funding,277
good,278
life,279
thx,280
guys,281
love,282
tiny,283
deep,284
williamsburg,285
till,286
lufthansa,287
lounge,288
#websummit,289
#websummit2016,290
de,291
#lisbon,292
tonight,293
join,294
#happyhour,295
cover,296
hunt,297
down,298
little,299
right,300
now,301
das,302
lisboa,303
elon,304
musk,305
unveils,306
roof,307
by,308
vote,309
pitch,310
#tnw,311
throw,312
fund,313
friends,314
released,315
major,316
needs,317
1,318
printer,319
facebook,320
ihr,321
sind,322
als,323
#scale,324
startup,325
wollen,326
#startups,327
going,328
23,329
vicki,330
peng,331
amp,332
venture,333
capital,334
tnw,335
hardware,336
robot,337
system,338
fingers,339
worth,340
anybody,341
go,342
have,343
50,344
code,345
still,346
#google,347
all,348
#download,349
web,350
summit,351
2016,352
sync,353
auf,354
send,355
meeting,356
attending,357
nov,358
really,359
statistics,360
brought,361
seems,362
#gmaildown,363
issue,364
link,365
neural,366
networks,367
thinking,368
digital,369
someone,370
music,371
via,372
@venturebeat,373
crazy,374
growing,375
platform,376
tv,377
darker,378
vintage,379
1963,380
nasa,381
put,382
up,383
space,384
suit,385
two,386
konnte,387
man,388
hype,389
cycle,390
kaum,391
ist,392
er,393
eher,394
nicht,395
its,396
friday,397
directors,398
cut,399
wird,400
spannende,401
answer,402
where,403
favorite,404
welche,405
denn,406
wondering,407
smart,408
has,409
hands,410
yet,411
people,412
use,413
invite,414
picnic,415
apps,416
cool,417
near,418
me,419
way,420
say,421
white,422
think,423
wer,424
will,425
einladungen,426
deine,427
finde,428
private,429
nähe,430
content,431
marketing,432
using,433
laptop,434
get,435
house,436
invitation,437
card,438
data,439
mobile,440
unique,441
13th,442
run,443
own,444
center,445
should,446
cloud,447
next,448
online,449
makes,450
any,451
india,452
maker,453
suggestion,454
1st,455
hand,456
experience,457
silicon,458
valley,459
bank,460
alster,461
park,462
am,463
internet,464
rt,465
ihn,466
finally,467
designed,468
hang,469
ny,470
#dumbo,471
#jetlagged,472
#sunrise,473
manhattan,474
dumbo,475
water,476
#nyc,477
wednesday,478
our,479
here,480
vs,481
material,482
made,483
beim,484
nächsten,485
adc,486
werden,487
sehen,488
visitenkarten,489
york,490
week,491
list,492
productivity,493
future,494
vision,495
most,496
surfaces,497
look,498
official,499
micro,500
brings,501
mirror,502
real,503
fish,504
yours,505
since,506
ibm,507
watson’s,508
datacrunching,509
gains,510
traction,511
firms,512
worlds,513
coming,514
focus,515
planning,516
largest,517
pivot,518
ever,519
rampd,520
pepsi,521
language,522
global,523
campaign,524
news,525
walk,526
bike,527
wtf,528
steve,529
jobs,530
think,531
different,532
internal,533
sept,534
1997,535
macbosse,536
gear,537
program,538
generation,539
funny,540
gif,541
keyboard,542
3d,543
painting,544
light,545
through,546
pieces,547
bring,548
sound,549
havent,550
coffee,551
second,552
apply,553
cream,554
style,555
trends,556
network,557
location,558
income,559
cars,560
musk’s,561
wild,562
plan,563
set,564
nomad,565
only,566
creative,567
smarter,568
international,569
concept,570
last,571
cheap,572
toy,573
job,574
car,575
left,576
started,577
coast,578
sleep,579
15,580
episode,581
45,582
perfektes,583
shopping,584
jede,585
lassen,586
wenn,587
film,588
spielt,589
even,590
when,591
robots,592
fly,593
photoshop,594
leap,595
world’s,596
newark,597
liberty,598
ewr,599
nj,600
drone,601
game,602
off,603
yes,604
@thehouseofyes,605
search,606
within,607
mr,608
beam,609
desktop,610
laser,611
cutter,612
engraver,613
food,614
hudson,615
common,616
hotel,617
uber,618
build,619
living,620
home,621
again,622
screenshot,623
10,624
–gt,625
past,626
one,627
old,628
inside,629
history,630
create,631
12,632
month,633
research,634
giant,635
revolution,636
stage,637
lessons,638
leadership,639
dancing,640
guy,641
theory,642
follower,643
tesla,644
norden,645
stadt,646
lässt,647
sich,648
tag,649
impressive,650
color,651
photo,652
software,653
did,654
zum,655
thema,656
agentur,657
technology,658
landscape,659
supergraphic,660
chief,661
aufgabe,662
einer,663
guten,664
es,665
ihrer,666
it’s,667
complicated,668
choose,669
over,670
year,671
20,672
welcome,673
linkedin,674
top,675
100,676
arrived,677
large,678
mid,679
century,680
into,681
side,682
finished,683
4,684
tech,685
#tech,686
#startup,687
cost,688
launch,689
enjoy,690
easter,691
simple,692
around,693
could,694
possibly,695
eur,696
python,697
turns,698
understand,699
principles,700
text,701
definitely,702
every,703
industry,704
turn,705
deeplearning,706
studio,707
another,708
inspiration,709
interior,710
gutes,711
panorama,712
turntable,713
original,714
tools,715
nice,716
titles,717
freunden,718
münchen,719
youre,720
alive,721
30,722
may,723
also,724
1000,725
journalisten,726
denen,727
kein,728
photo,729
feels,730
take,731
band,732
opens,733
api,734
public,735
beta,736
give,737
power,738
photos,739
back,740
done,741
launched,742
less,743
500,744
7,745
project,746
hiring,747
prefer,748
ikea,749
big,750
zeigt,751
kommen,752
nissan,753
found,754
pictures,755
#invitation,756
admitted,757
devices,758
head,759
while,760
commercial,761
lt3,762
nor,763
rise,764
billion,765
step,766
collaborative,767
economy,768
version,769
großartig,770
frontend,771
engineer,772
problem,773
ios,774
swift,775
pm,776
perspective,777
business,778
privacy,779
important,780
glass,781
drink,782
wall,783
floor,784
balcony,785
les,786
@azsum,787
6,788
bmw,789
motorcycle,790
clever,791
ad,792
advertising,793
selfdriving,794
must,795
announces,796
wood,797
might,798
behind,799
congress,800
gave,801
55,802
million,803
2018,804
cookie,805
printed,806
rock,807
#diy,808
socks,809
pause,810
watching,811
fall,812
@prip,813
talk,814
tomorrow,815
please,816
flowers,817
hint,818
book,819
omg,820
running,821
button,822
#ios,823
#swift,824
#app,825
#engineer,826
#jobs,827
#recruiting,828
25,829
wont,830
come,831
portugal,832
aus,833
usa,834
2015,835
booth,836
today,837
#tnwusa,838
youtube,839
arghh,840
@lolpzig,841
lol,842
danke,843
war,844
p,845
profile,846
dem,847
@macbosse,848
@linkedin,849
mein,850
dublin,851
later,852
looking,853
pr,854
english,855
vor,856
stepping,857
18th,858
#facebookdown,859
durch,860
langsam,861
schon,862
wirklich,863
website,864
images,865
@lufthansa,866
fashion,867
personal,868
„youpooly,869
designer,870
versenden,871
treffen,872
veranstaltungen,873
geburtstage“,874
#filmteam,875
dann,876
lecker,877
eis,878
@nnindustries,879
after,880
amount,881
interesting,882
move,883
gegen,884
jetzt,885
ham,886
under,887
trying,888
ones,889
away,890
@youtubeplaylist,891
hinzugefügt,892
mad,893
men,894
quality,895
planet,896
star,897
mag,898
nach,899
jahren,900
grand,901
des,902
nun,903
wieder,904
sign,905
excel,906
guter,907
neuer,908
mac,909
killed,910
making,911
learning,912
blog,913
close,914
mehr,915
verfolgen,916
gute,917
#twitter,918
besser,919
info,920
#trufflepig,921
wear,922
agency,923
different,924
forces,925
slam,926
doing,927
ads,928
@kickstarter,929
projekt,930
interessantes,931
#event,932
#microservices,933
misfit,934
shine,935
flash,936
neues,937
gmbh,938
architecture,939
fliegt,940
chosen,941
yeahh,942
fest,943
02,944
#developer,945
standort,946
nur,947
@swaggerapi,948
thats,949
building,950
extension,951
php,952
zend,953
bitte,954
einfach,955
per,956
suche,957
empfehlungen,958
mir,959
um,960
besonders,961
things,962
learned,963
learn,964
200,965
interactive,966
@spiegelonline,967
deutschland,968
kann,969
ca,970
tool,971
awesome,972
@betalist,973
sieh,974
mal,975
#tobleruno,976
sucht,977
#crowdfunding,978
unterstützung,979
neue,980
#album,981
#indiegogo,982
8,983
crowdfunding,984
hilfe,985
httptcohkqb0crprf,986
stickerset,987
kaufen,988
karmapunkte,989
deutschen,990
sichern,991
cd,992
xing,993
xml,994
@hrispp,995
spam,996
needed,997
digitalen,998
vimeo,999
kommentiert,1000
camera,1001
about,1002
wireless,1003
phone,1004
view,1005
media,1006
klassiker,1007
browser,1008
spielen,1009
thermostat,1010
nest,1011
lg,1012
platz,1013
too,1014
skype,1015
#uber,1016
macht,1017
konkurrenz,1018
bringt,1019
hause,1020
deinen,1021
lego,1022
#free,1023
games,1024
bin,1025
zurück,1026
herausforderung,1027
oder,1028
motorrad,1029
syzygy,1030
nimmt,1031
digitaletat,1032
gilt,1033
favorit,1034
steht,1035
aller,1036
brauche,1037
jedenfalls,1038
unternehmen,1039
mich,1040
nu,1041
leider,1042
verkauft,1043
gibt,1044
dry,1045
foil,1046
available,1047
uhr,1048
#flohmarkt,1049
hinterhof,1050
north,1051
face,1052
retail,1053
experiment,1054
the,1055
forward,1056
sorted,1057
person,1058
stop,1059
@youtube,1060
nike,1061
hier,1062
john,1063
window,1064
customer,1065
teehanlax,1066
labs,1067
display,1068
@teehanlax,1069
gopro,1070
mount,1071
follow,1072
secret,1073
battle,1074
four,1075
rest,1076
agencies,1077
marketers,1078
whos,1079
europe,1080
2d,1081
effect,1082
tutorial,1083
berg,1084
eg,1085
little,1086
racing,1087
daytona,1088
1970,1089
race,1090
1951,1091
highlights,1092
clip,1093
drift,1094
red,1095
bull,1096
movie,1097
v,1098
apollo,1099
affordable,1100
drawing,1101
far,1102
pretty,1103
da,1104
scheint,1105
#facebook,1106
wohl,1107
stimmt,1108
machen,1109
wie,1110
hut,1111
hätte,1112
überrascht,1113
dieser,1114
darf,1115
aber,1116
auch,1117
gefreut,1118
kleine,1119
gut,1120
late,1121
tracking,1122
mapping,1123
cam,1124
frühen,1125
connect,1126
kit,1127
munich,1128
heye,1129
grid,1130
tolles,1131
viel,1132
mckinsey,1133
competing,1134
age,1135
heading,1136
sf,1137
muss,1138
said,1139
white,1140
sehe,1141
photochroms,1142
1800,1143
call,1144
instagram,1145
nowadays,1146
colored,1147
overstyled,1148
daily,1149
httptcouagtxvsqtj,1150
crystal,1151
entscheidung,1152
flying,1153
ultimate,1154
guide,1155
officer,1156
manager,1157
deutsche,1158
diesem,1159
compilation,1160
@youtubevideo,1161
positiv,1162
bewertet,1163
pixels,1164
patrick,1165
sneaker,1166
super,1167
echt,1168
streetview,1169
#apple,1170
preview,1171
draußen,1172
introducing,1173
service,1174
kalender,1175
@cribbde,1176
endlich,1177
stefan,1178
sagmeister,1179
rules,1180
happiness,1181
dan,1182
science,1183
festival,1184
2014,1185
wearable,1186
open,1187
human,1188
#iot,1189
night,1190
table,1191
einem,1192
ernst,1193
wurde,1194
multitouch,1195
kiss,1196
print,1197
dress,1198
ziel,1199
sein,1200
prada,1201
monsters,1202
abby,1203
pizza,1204
g,1205
flex,1206
index,1207
interessant,1208
soll,1209
dafür,1210
double,1211
mini,1212
loop,1213
café,1214
zeit,1215
black,1216
folding,1217
clicking,1218
jahr,1219
kennt,1220
ganz,1221
watch,1222
motion,1223
listen,1224
#internetofthings,1225
machine,1226
interface,1227
why,1228
study,1229
anything,1230
warum,1231
viele,1232
cocacola,1233
feedback,1234
sollte,1235
care,1236
door,1237
artist,1238
inflatable,1239
ideen,1240
dieses,1241
surviving,1242
sounds,1243
brand,1244
club,1245
academy,1246
teaser,1247
post,1248
2013,1249
sehr,1250
mischung,1251
nokia,1252
trailer,1253
ipad,1254
ehren,1255
regen,1256
playlist,1257
machines,1258
spiel,1259
keine,1260
jeanclaude,1261
damme,1262
gleich,1263
ich,1264
hab,1265
tim,1266
hd,1267
diesmal,1268
statt,1269
ansehen,1270
lohnt,1271
live,1272
test,1273
natural,1274
checking,1275
baby,1276
creativity,1277
its,1278
neuen,1279
eigentlich,1280
let,1281
security,1282
hue,1283
printing,1284
play,1285
china,1286
others,1287
wow,1288
budweiser,1289
ice,1290
cold,1291
transforming,1292
rgb,1293
lamp,1294
wifi,1295
spider,1296
impact,1297
dmexco,1298
reality,1299
peter,1300
#dmexco,1301
phonebloks,1302
bodymetrics,1303
primesense,1304
uses,1305
depthsensors,1306
body,1307
presents,1308
ars,1309
3sweep,1310
extracting,1311
editable,1312
objects,1313
single,1314
liked,1315
wooden,1316
creatives,1317
jack,1318
2012,1319
@arselectronica,1320
#arselectronica,1321
amazing,1322
surveys,1323
invites,1324
httptco0beyebsfc0,1325
shells,1326
priceless,1327
prix,1328
moment,1329
seo,1330
name,1331
#iphone,1332
menschen,1333
geworden,1334
können,1335
installation,1336
stars,1337
customers,1338
fans,1339
lovin,1340
o2,1341
making,1342
bebe,1343
mädchen,1344
httptcoo176gao5mb,1345
trailer,1346
coole,1347
oh,1348
meiner,1349
wünsche,1350
euch,1351
achim,1352
sam,1353
interview,1354
frühstücksfernsehen,1355
weiß,1356
frage,1357
calendar,1358
hohes,1359
c,1360
familie,1361
a,1362
following,1363
store,1364
gelbe,1365
seiten,1366
über,1367
apples,1368
sky,1369
shows,1370
introduction,1371
yeaahh,1372
responsive,1373
pumpcast,1374
jay,1375
leno,1376
street,1377
axe,1378
david,1379
times,1380
real,1381
ars,1382
electronica,1383
2013,1384
swim,1385
sxsw,1386
httptcop83haqfmdw,1387
reserved,1388
mammoth,1389
httptcoapekl2o9ye,1390
reserve,1391
httptcoodq2oupwov,1392
erste,1393
interaktive,1394
tvspot,1395
campa,1396
unlocked,1397
badge,1398
@foursquare,1399
key,1400
klm,1401
re,1402
bottle,1403
49,1404
mercedesbenz,1405
extended,1406
reklame,1407
50er,1408
jahre,1409
reached,1410
level,1411
i’ve,1412
checked,1413
restaurants,1414
trainspotter,1415
35,1416
stations,1417
@dropbox,1418
dr,1419
augmented,1420
popup,1421
lab,1422
alten,1423
suchen,1424
zusammen,1425
gold,1426
leather,1427
maison,1428
martin,1429
margiela,1430
@thefancy,1431
feiert,1432
ousted,1433
@hacktheripper,1434
mayor,1435
portapuertagate,1436
c50,1437
httptcotsz3ktj,1438
interaction,1439
brain,1440
21,1441
ja,1442
klar,1443
japan,1444
dozen,1445
bakeries,1446
island,1447
led,1448
shower,1449
tent,1450
daybed,1451
falls,1452
reef,1453
thailand,1454
@youtubevideovon,1455
usb,1456
switch,1457
soho,1458
ralf,1459
s,1460
httptcos4co6fr,1461
banner,1462
group,1463
berlin,1464
toll,1465
grillen,1466
chocolate,1467
bar,1468
pilot,1469
cross,1470
fra,1471
bed,1472
e15,1473
abarth,1474
shirt,1475
wallpaper,1476
room,1477
floating,1478
boat,1479
lynx,1480
gesendet,1481
urban,1482
schöner,1483
bleiben,1484
swimmies,1485
spots,1486
outdoor,1487
case,1488
trois,1489
terrasses,1490
recraft,1491
sofa,1492
eco,1493
nomos,1494
tangomat,1495
air,1496
beautiful,1497
modern,1498
furniture,1499
couch,1500
colorful,1501
charger,1502
hanging,1503
illusion,1504
songify,1505
hits,1506
einmal,1507
displays,1508
auflösungen,1509
@mmmofficial,1510
hampm,1511
blick,1512
villa,1513
roses,1514
pic,1515
burger,1516
casa,1517
meinen,1518
alle,1519
weg,1520
spa,1521
@neinahh,1522
u2,1523
httptcohlbihfb,1524
stash,1525
guido,1526
flohmarkt,1527
stuff,1528
1080p,1529
httptcozecwldw,1530
dominos,1531
safe,1532
menselijk,1533
motorgeluid,1534
voor,1535
elekt,1536
haus,1537
sonne,1538
resort,1539
restaurant,1540
each,1541
hashtag,1542
neu,1543
httptcoapimurq,1544
kswiss,1545
blades,1546
kenny,1547
mr,1548
happy,1549
ive,1550
picced,1551
image,1552
piccsy,1553
httptcozsyvlq6,1554
httptcoi7apfjr,1555
playboy,1556
tweetgrid,1557
httptcov04jtoj,1558
biolite,1559
f,1560
o,1561
colonnaden,1562
grill,1563
barbecue,1564
flughafen,1565
terminal,1566
fast,1567
projects,1568
minute,1569
httptcouw1na6l,1570
httptcoxfdymkl,1571
forecast,1572
bay,1573
bora,1574
added,1575
httptcocqqfmhs,1576
httptcomydq7f9,1577
ar,1578
mix,1579
2011,1580
httptcotvreczl,1581
walldecaux,1582
mercedes,1583
viano,1584
goldfish,1585
salvation,1586
riusuke,1587
fukahori,1588
httptcovfihgzy,1589
diesel,1590
kick,1591
ass,1592
playlistvon,1593
httptcoiicjeoq,1594
cinema,1595
httptcoinfj3op,1596
cubelets,1597
gänsemarkt,1598
@heye,1599
@kia,1600
httptco3urwnxv,1601
adriana,1602
lima,1603
httptco67mvdsv,1604
casemovie,1605
sd,1606
worx,1607
predictor,1608
httptcolhieqbz,1609
versa,1610
iad,1611
demo,1612
httptcoj7ii2u8,1613
n8,1614
fruit,1615
ninja,1616
angry,1617
birds,1618
httptco4yponpr,1619
opticana,1620
httptco6dwkbfp,1621
lacta,1622
httptcowsvx2ko,1623
passport,1624
httptco2fkapz7,1625
immediate,1626
@tropicanajuices,1627
httptcoyzqiqzd,1628
spectacular,1629
sun,1630
httptco8iew3xi,1631
httptcohopmbog,1632
httptcocq9ufxr,1633
extreme,1634
flashlight,1635
httptcoeik3mpf,1636
valo,1637
portrait,1638
httptcotejzfrc,1639
tweeshes,1640
httptcopx9muah,1641
locatelli,1642
7h1ng5,1643
2009,1644
johnny,1645
videofrom,1646
krank,1647
girl,1648
mindflex,1649
tage,1650
gekauft,1651
buch,1652
httptconytuzkk,1653
hidden,1654
yellow,1655
pages,1656
paperplanefr,1657
shit,1658
neptun,1659
award,1660
2010,1661
disney,1662
httptco9yu3sjw,1663
jaguar,1664
cx16,1665
schlachthofbronx,1666
mann,1667
seine,1668
wochenende,1669
kleinen,1670
beispiel,1671
unter,1672
läuft,1673
ganze,1674
#gewinnen,1675
bebe,1676
myself,1677
stellt,1678
vielleicht,1679
nutzen,1680
became,1681
coral,1682
aruba,1683
lodgecabins,1684
ha,1685
strom,1686
nen,1687
burkhard,1688
m,1689
http4sqcomafu5p7,1690
lange,1691
reihe,1692
68,1693
oben,1694
danziger,1695
strasse,1696
http4sqcomcytwgn,1697
t,1698
tweet,1699
@spike72,1700
@amendedestages,1701
muc,1702
roma,1703
linz,1704
düsseldorf,1705
dus,1706
doch,1707
geo,1708
#places,1709
#foursquare,1710
@peterkruse,1711
gestern,1712
sonnenbrille,1713
tasche,1714
gepackt,1715
immer,1716
richtig,1717
nie,1718
finding,1719
könnte,1720
word,1721
damit,1722
fragt,1723
offline,1724
sie,1725
hätt,1726
bock,1727
#telekom,1728
sagt,1729
maschine,1730
paar,1731
flieger,1732
plätzchen,1733
#job,1734
kommt,1735
gefunden,1736
#bac,1737
daumen,1738
@myshoppingbag,1739
anderen,1740
vino,1741
käse,1742
unserer,1743
früher,1744
wetter,1745
erst,1746
boden,1747
eventuell,1748
defekt,1749
wieso,1750
vom,1751
selbst,1752
tut,1753
@mjloop,1754
wagen,1755
findet,1756
versucht,1757
stinksauer,1758
bahn,1759
dreckig,1760
dortmund,1761
60min,1762
reparatur,1763
glaub,1764
na,1765
eigene,1766
ok,1767
keinen,1768
perfekt,1769
hast,1770
schönes,1771
bullerei,1772
fühlt,1773
los,1774
schöne,1775
gehabt,1776
trotz,1777
seid,1778
@vonmarientreu,1779
fertig,1780
grummel,1781
spaß,1782
werde,1783
sollen,1784
wäre,1785
frühstück,1786
freut,1787
#next10,1788
gedanken,1789
recht,1790
stunden,1791
freitag,1792
immernoch,1793
total,1794
@dealhunterde,1795
perfekte,1796
tse,1797
abflugszeit,1798
organisieren,1799
wiesbaden,1800
gelandet,1801
alles,1802
hotelzimmer,1803
raus,1804
genug,1805
sitzt,1806
verloren,1807
bist,1808
@3x3ist6,1809
superultramonsters,1810
h,1811
httpbitlycmqxxd,1812
zug,1813
offenen,1814
türe,1815
#fail,1816
gewusst,1817
sieht,1818
meine,1819
thunfischsteaks,1820
hätten,1821
natürlich,1822
@lesmoureal,1823
grossartig,1824
wien,1825
@vergraemer,1826
sofort,1827
vermisse,1828
schnee,1829
asche,1830
himmel,1831
fällt,1832
hagelbogen,1833
drücke,1834
letzten,1835
vulkan,1836
gespuckt,1837
schnell,1838
sonniges,1839
wasser,1840
wenig,1841
schlaf,1842
schön,1843
grüße,1844
wo,1845
#lh,1846
flug,1847
liebe,1848
vergessen,1849
mitgenommen,1850
erwartet,1851
ach,1852
hinter,1853
klappe,1854
kalt,1855
seit,1856
gibts,1857
dusche,1858
sri,1859
lanka,1860
ahnung,1861
ihm,1862
nachts,1863
#worldbestbrands,1864
besten,1865
lustig,1866
lieber,1867
tuk,1868
gehts,1869
weiter,1870
dschungel,1871
arugam,1872
genau,1873
safari,1874
jeep,1875
nacht,1876
yala,1877
her,1878
holt,1879
meldet,1880
wundert,1881
fan,1882
schalter,1883
hin,1884
stifte,1885
kappen,1886
komme,1887
schnürsenkel,1888
liest,1889
olivenöl,1890
ah,1891
balsamico,1892
wort,1893
raum,1894
hofft,1895
siehst,1896
umgebucht,1897
@wernesgruenerde,1898
#van2010,1899
überraschung,1900
bekommen,1901
freigetränke,1902
tatjana,1903
hüfner,1904
heutigen,1905
hh,1906
